product_id,channel,items_sold,avg_price_ratio,avg_discount,avg_qty,items_below_mrp,unusual,score,first_below_mrp,last_below_mrp
P067,Marketplace,12,0.8875000000000001,3.3333333333333335,1.5833333333333333,9,True,0.8042373889842519,2025-08-13,2026-02-18
P103,Marketplace,42,0.9071428571428571,7.619047619047619,1.2380952380952381,26,True,0.7132985537551418,2025-08-02,2026-02-20
P057,WhatsApp,8,1.0,15.0,1.0,0,True,0.7108422547119199,,
P127,Marketplace,64,0.90625,5.390625,1.265625,40,True,0.7083275470613678,2025-08-08,2026-02-28
P046,Marketplace,16,0.915625,8.125,1.1875,9,True,0.707045181845661,2025-08-08,2026-02-20
P086,Marketplace,128,0.9132812499999999,7.03125,1.2578125,74,True,0.6963064296807651,2025-08-04,2026-02-25
P097,Marketplace,32,0.9296875,7.03125,1.375,15,True,0.6925479526451175,2025-08-07,2026-02-19
P026,WhatsApp,20,1.0,7.75,1.8,0,True,0.6850108145326055,,
P143,Marketplace,134,0.9171641791044777,11.64179104477612,1.2238805970149254,74,True,0.6774253670603192,2025-08-01,2026-02-27
P048,Marketplace,50,0.9460000000000001,4.7,1.34,18,True,0.6709342284681797,2025-09-09,2026-02-22
P069,Marketplace,13,1.0,15.0,1.0769230769230769,0,True,0.6597305326000628,,
P075,Marketplace,23,1.0,11.304347826086957,1.565217391304348,0,True,0.6535916884587862,,
